{"train_loss": [0.2629470695919984, 0.09317582713347965, 0.0407332709884264, 0.01899741868743144, 0.013441306047319204, 0.00883735636299688], "val_loss": [0.14035540425458481, 0.1192968038648965, 0.14224087906768546, 0.24281983342643493, 0.16382846619095187, 0.316272126858142], "train_acc": [0.8817375687507015, 0.9669098664272084, 0.9867774160960826, 0.9942305533729936, 0.99658772028286, 0.9972836457514873], "val_acc": [0.9460620025136154, 0.9589442815249267, 0.9564306661080855, 0.9564306661080855, 0.961038961038961, 0.9604105571847508], "train_precision": [0.8831205332048503, 0.9694271175311885, 0.9877262838142934, 0.9944998563395313, 0.9971649272742213, 0.9979040808778202], "val_precision": [0.9648290851610354, 0.9558157099697885, 0.9730208743599843, 0.9417065097462303, 0.9665127020785219, 0.95], "train_recall": [0.90321123521682, 0.9700640604467805, 0.9880913272010512, 0.9949490801576872, 0.9965916557161629, 0.9971254927726675], "val_recall": [0.9354406130268199, 0.9697318007662835, 0.946551724137931, 0.9810344827586207, 0.9620689655172414, 0.9791187739463602], "train_f1": [0.89305290511186, 0.9697454844006568, 0.9879087717857656, 0.9947244175305348, 0.9968782090778394, 0.9975146348978124], "val_f1": [0.9499075965373018, 0.9627234689996196, 0.9596038065643814, 0.9609682867329705, 0.9642857142857143, 0.9643396226415094], "learning_rates": [0.0005, 0.0005, 0.0005, 0.0005, 0.0005, 0.0005]}